,author,body,created_time,symbols,score
0,ThePineapple3112,"WE HIT +69%! BLESSED WEEKEND! 

Take this time to relax and enjoy the fact that you cost those idiots a few more billion dollars today and be prepared for the fight next week!",2021-01-29 23:00:46,,1971.0
1,iusedtogotodigg,i think i literally got 0 work done today. like literally nothing.,2021-01-29 23:12:01,,959.0
2,toastmuncher500,hey i just wanted to say this stock war has pulled me out of the worst depressive episode iâ€™ve had in awhile. you beautiful degenerates iâ€™m holding,2021-01-29 23:19:08,,1749.0
3,ArtOfDivine,"Friendly Reminder:

u/Deepfuckingvalue started off with $50,000 over a year ago in GME

He did not sell at $100,000

He did not sell at $500,000

He did not sell at $1,000,000

He did not sell at $5,000,000

He did not sell at $10,000,000

He did not sell at $20,000,000

He did not sell at $30,000,000

He did not sell at $40,000,000

He did not sell at $50,000,000",2021-01-29 23:01:42,,2270.0
4,dnguyen93,This has to be a win for GME right? We fucking held the line!,2021-01-29 23:00:42,GME,2733.0
5,DomskiPlays,"I FUCKING LOVE YOU RETARDS  

ğŸ’ğŸ’ğŸ’ğŸ’ğŸ’ğŸ’ğŸ’ğŸ’ğŸ’

ğŸš€ğŸš€ğŸš€ğŸš€ğŸš€ğŸš€ğŸš€ğŸš€ğŸš€

Closed yesterday $200.00

Closed today $150.00 - $400.00

Closed tomorrow - Melvin Capital & Citron",2021-01-29 23:00:58,,2388.0
6,proturtle46,"#DO NOT SELL MONDAY IT IS JUST THE TIP OF THE ICEBERG DO NOT SELL MONDAY DIAMOND FUCKING HANDS INTO THE WEEK ğŸ’ğŸ™Œ IT WILL TAKE THEM DAYS TO CLOSE THEIR POSITION ğŸš€ğŸš€ WE HAVE THE UPPER BIG HARD DIAMOND FUCKING HAND NOW ğŸ’ğŸ’ğŸ™ŒğŸ™Œ 

BUY BUY BUYğŸš€ğŸš€ğŸš€


**highjacking this comments popularity**
#Remove your $500 limit sells you paper handed retards

https://m.imgur.com/gallery/VsLC9Wv",2021-01-29 23:03:52,BIG,1264.0
7,jtmoseley,"We did it!

We held 320. We held the line. We bought the dips.

Next week, we reap the benefits.

GMEndless


Edit: Spend your money on stock, not awards!",2021-01-29 23:00:48,,1614.0
8,Cuntosaurusrexx,"Dont forget about that person who could only afford 1 share of GME. Hold the line. Dont forget about what happened to you or your parents in 2008. Hold the line. Dont forget about the millions of people who struggle every day eating food they dont like that isnt good for them going to jobs that they hate that dont pay them enough. Hold the line. Dont forget that it took every one of us to make it this far and it will take every one of us to take it home. HOLD THE FUCKING LINE! ğŸ’ğŸ™ŒğŸ’ğŸ™ŒğŸ’ğŸ™ŒğŸ’ğŸš€ğŸš€ğŸš€ğŸš€ğŸš€ğŸš€

EDIT: IF THIS SHIT PLAYS OUT LIKE WE PLAN (10K) I WILL BE GETTING A ROCKET TATTOO RIGHT ABOVE MY HAIRY ASS. I LOVE ALL OF YOU.",2021-01-29 23:01:32,GME_PLAN,2389.0
9,PythonPussy,"Some of you guys may be feeling down that we didn't see that Friday skyrocket we were rooting for. Remember that we are still up OVER 200% FOR THE WEEK.

Think about all the events that happened this week: short ladders trying to run the price down, CNBC doing everything they possibly can to shit on retail investors in their smear campaign, AND multiple brokers preventing you from buying additional shares?

They tried to play every fucking card they could and we are still up over 200%!! Can you fathom how fucking high this shit will moon if all these bullshit efforts weren't being put into play? They are trying so hard to fuck you over and to say they are failing is an understatement

TLDR: HOLD THAT SHIT ğŸš€ğŸš€ğŸš€",2021-01-29 23:02:06,,1505.0
10,TheGoldMustache,Ayyy above 320,2021-01-29 23:00:40,,1011.0
11,Lookingforanut,We closed over $320. Fucking nice work you ğŸ’ğŸ™ğŸ¦,2021-01-29 23:01:23,,481.0
12,ValueFighter,Holding 7000 shares at $2.5M profit. I AINT FUCKING LEAVING!**ğŸš€**  **ğŸš€**,2021-01-29 23:39:17,,419.0
13,T-Hack,Retards actually got it to close over 320. ğŸš€,2021-01-29 23:01:02,,359.0
14,finnthefirst97,LMAO THEIR FLASH CRASH MISSED THE MARK BY 15 SECONDS,2021-01-29 23:02:35,,316.0
15,JustMetod,The last 5 min of that felt like the finale of an action movie holy shit!,2021-01-29 23:01:07,,932.0
16,nonchalamment,"CLOSE AT 328 YESSSSS

âœ‹ğŸ’ğŸ¤šğŸ’ğŸ™Œ",2021-01-29 23:00:43,,917.0
17,Astronautical420,How many of you shitheads are still holding at close!!! Let me see the arrows.,2021-01-29 23:02:15,,4510.0
18,Stoneyfrog89,"I bought more, my wife bought more, we are so all in and hyped that we fucked in the bathroom while looking at the stock price. Let's gooooo. Buy more and hold.

*We like this stock",2021-01-29 23:01:18,,626.0
19,tommy1010,"BREAKING NEWS: Hedge fund managers on CNBC say that the problem isn't hedge fund managers, it's us.

That's it, boys. Pack it up. We're the bad guys after all. Poor, poor billionaires. We're so sorry.",2021-01-30 00:17:05,,306.0
20,JacquesMiaf,"Imagine this. Itâ€™s Friday. We are all up tens of thousands, some even millions. All meme stocks were up 400%. Itâ€™s over we won. We are about to get off our day job. We are suiting up and buying the best steak at the local grocery store. Your girlfriends coming over and makes the best love to you because youâ€™re a winner. You wake up Saturday just admiring your portfolio. All your dreams of being a millionaire are finally closer to reality. Your parents respect you and donâ€™t think youâ€™re a degenerate gambler anymore. Your uncles and cousins are now reaching out to you after years asking for stock advice. You won.


Whatever you felt reading that you will feel next week.

Hold.",2021-01-29 23:41:26,,268.0
21,Dubbs09,"They're scared.

They're shaking.

They're ready to fold.

We're ready to hold.",2021-01-29 23:06:06,,244.0
22,freelanceryork,"Bell rang at 328.24, you magnificent bastards",2021-01-29 23:01:50,,241.0
23,LoderndSchweine,Got involved in stocks for the first time in my life today. Bought 5 shares of GME and 50 shares of AMC. Lost a little bit because I'm fucking retarded and bought GME at $380. I don't care. I'm gonna hold. Glad to be a part of history. ğŸ’ğŸ–•ğŸš€,2021-01-29 23:07:16,AMC_GME,240.0
24,Ripper756,CAN SOMEONE EXPLAIN WHAT HAPPENS NOW THAT WE CLOSES OVER $320,2021-01-29 23:01:34,,602.0
25,TaeKwanJo,"After Thursday's complete bullshit, new shorts were able to reload in with more capital while preventing retail from ramping up the pain during the squeeze. Now they've bought some time. Good news is interest rates are through the fucking roof for shorts. Time is not on their side.

The question you have to ask is, do you trust your fellow apes to hold?

I do. This is now a movement, bigger than getting rich quick (which we still will my friends), and I believe in us apes standing together. We shall meme $4200 into existence.

Hold the faith, hold the stock, then hold the shorts by the balls.",2021-01-29 23:21:42,,213.0
26,RevaliGetsPegged,"I havenâ€™t been able to concentrate on fucking anything other than stocks for the last week. I have genuinely done fucking nothing at work all week.

You fuckers might end up getting me fired but who cares about a stable income when we have stonks ğŸš€",2021-01-29 23:05:54,,174.0
27,swordfishy,We won.  All calls ITM,2021-01-29 23:00:43,,482.0
28,Anon-a-mess,328 LETS FUCKING GOOO,2021-01-29 23:00:38,,317.0
29,Letsridebicyclesnow,We did it. We held it over 320 for closing ğŸš€ğŸš€ğŸš€ğŸš€ğŸš€ğŸ›°ï¸ğŸ›°ï¸ğŸ›°ï¸ğŸ›°ï¸ğŸ›°ï¸ğŸŒŒğŸŒŒğŸŒŒğŸŒŒğŸŒŒ,2021-01-29 23:01:03,,322.0
30,ProfessorHobo,My girlfriends boyfriend says I get to pick where we eat tonight since we closed at $328! We going to Chuck E Cheese tonight!!!!!,2021-01-29 23:03:15,,153.0
31,lizlegit000,"Anybody else see the press conference regarding GME from the White House? THEY SAID THE PLAN IS TO FOCUS ON GETTING US TO WORK, that gme isnâ€™t a focus for the President right now. Ya know what that means? FUCK THE HEDGE FUNDS",2021-01-29 23:41:19,WORK_GME_PLAN,159.0
32,ArtOfDivine,Which retards are holding over the weekend with me???,2021-01-29 23:12:36,,503.0
33,DinglerBerries,Robinhood is banning random stocks to make it look like they weren't targeting GME LMAOOOO,2021-01-29 23:40:08,GME,151.0
34,tl54nz,"In the final push, threw in the last $6400 I've got and bought 20 shares @ $320 so shorters have to deal with those 7.84k of 320c.

For the big cause.

Edit: 300c, 310c, 320c holders (10k+ of you) please exercise if you have the capital to inflict maximum damage to shorters. We'll come back stronger next week.",2021-01-29 23:03:54,,307.0
35,SeaAdvantage9,"Just did the math and Iâ€™ll be a millionaire if GME is squeezed to 1,000,000 per share. LETS GOOOO",2021-01-29 23:01:03,GME,2450.0
36,Twid18,#WE WON THIS WEEK. BY ALOT!,2021-01-29 23:06:08,,142.0
37,thefakekmac,"I rarely feel this proud to be human, but the energy and comradery I've seen this week have been unmatched by anything on this scale I can remember.

# DO NOT SELL

Today felt special. Lets do it again! Your diamond hands are BLINDING!

Edit: words are hard

Edit: obligatory ğŸš€ğŸš€ğŸš€ğŸš€ğŸš€ğŸš€",2021-01-29 23:06:15,,139.0
38,Wayeb,"Thank you all for what you did today. I really couldnt be prouder!

If we squeeze them past 5000, I'll be able to help pay a huge chunk of my kid cousin's stage 4 glioma treatment. Im holding for her!",2021-01-29 23:11:59,,268.0
39,BlenderdickCockletit,"Anyone else think that the concept of pre-market and after hours is fucking bullshit? Yet another way for institutions to fuck us. They've always put functions in place to prevent us from participating, the blatant share restriction is just the latest. We need a financial revolution.",2021-01-29 23:08:42,,354.0
40,IJustWantaQuietLife1,WE CLOSER ABOVE 320!!! YALL FUCKING DID IT! IM PROUD OF YOU RETARDS!!!,2021-01-29 23:00:59,,116.0
41,realRianJohnson,Upvote if youâ€™re holding GME with me ğŸ’ğŸ™ŒğŸ¦,2021-01-29 23:11:06,GME,393.0
42,Pelotonbklyngirl,IGNORE THE MEDIA THIS WEEKEND guys. They are going to try to scare the sh\*\* out of us because they know once everyone's transfers go through and people pass the waiting periods on other trading platforms the moon is even closer.,2021-01-29 23:17:31,,123.0
43,Zrob,"Anyone still in GME is actually savage af, its amazing. We saw like 470, didnt sell. We then saw like 130, didn't sell. We saw brokers shut down, and didn't sell. LMAO this is amazing.",2021-01-30 00:44:20,GME,130.0
44,Biggotry,"Am 21 year old college student who never had 20k, now have 20k in GME and gonna HOLD OVER THE WEEKEND BABY",2021-01-29 23:50:44,GME,116.0
45,tommy1010,#KEEP BUYING! KEEP THE PRESSURE ON!,2021-01-29 23:00:33,,221.0
46,mycitymychoice69,328 FUCK YEAH SOMEONE GIVE ME DICK,2021-01-29 23:02:10,,102.0
47,moonski,"Imagine the price of GME if people could actually buy the fucking stock.

ğŸš€ ğŸš€ ğŸš€ ğŸš€ ğŸš€ ğŸš€ ğŸš€ ğŸš€ ğŸš€ ğŸš€ ğŸš€ ğŸš€ ğŸš€ ğŸš€ ğŸš€ ğŸš€",2021-01-29 23:06:56,GME,106.0
48,iTradeStalks,"#WELCOME TO YOUR FIRST WEEKEND THREAD @ 4M NOOBS

#THE WINE AND LUBE ARE IN THE CORNER",2021-01-29 23:23:55,,107.0
49,casewood,"This dude on CNBC is talking about how we stupidly piled into these stocks.  Finally, they are starting to understand us.",2021-01-30 00:13:37,,110.0
50,rdblaw,"Everyone needs to keep in mind that we didn't need to close above a certain price to win. We are winning as long as we hold. Price can dip to whatever it wants, but once they decide to cover, they have to buy shares. Not trading them among themselves like they have been.

Today was a win, but it's not the defining day. This could last weeks to months. Whoever gives up first loses.

We DONT SELL until the shorts cover, not a day before.

If they dont cover on Monday, we hold.

If they dont cover by next month, we hold.

DFV is the captain now.

edit: not financial advice, I am ape with banana",2021-01-29 23:15:22,,197.0
51,weasol12,Did we just win with the 325 close?,2021-01-29 23:01:17,,194.0
52,BaxterFax,If you sell your stocks youâ€™re a bitch,2021-01-29 23:14:18,,95.0
53,Drobey8,"AMC is trying to survive the pandemic and itâ€™s being beaten down by the hedge funds. Even after starting to try to stand back up by paying debtors to stave off bankruptcy, after being steamrolled, itâ€™s still being fucking heavily shorted and undervalued. We are saving it but the mission is not done just because theyâ€™re starting to get back on their feet. They need us now more than ever or they will be knocked down again, and permanently. Imo buy if you can, hold what you got. Not financial advice.",2021-01-29 23:30:41,AMC,116.0
54,Tarsupin,"I'm imagining that due to the investigations going on there's a bunch of old guys at the SEC reading through this sub right now thinking ""wtf is wrong with these people.""",2021-01-29 23:37:23,,100.0
55,xCUBUFFSx,Round of applause for the ğŸ’ğŸ‘ğŸ¼.,2021-01-29 23:01:54,,83.0
56,1005thArmbar,"Can't wait for the Robin Hood IPO 

I'm going to short that son of a bitch so hard",2021-01-29 23:31:08,,90.0
57,exotic-astronut,who else holding AMC like a king,2021-01-29 23:56:02,AMC,218.0
58,teddysthoughts,Dont forget about that person who could only afford 1 share of GME. Hold the line. Dont forget about what happened to you or your parents in 2008. Hold the line. Dont forget about the millions of people who struggle every day eating food they dont like that isnt good for them going to jobs that they hate that dont pay them enough. Hold the line. Dont forget that it took every one of us to make it this far and it will take every one of us to take it home. HOLD THE FUCKING LINE! ğŸ’ğŸ™ŒğŸ’ğŸ™ŒğŸ’ğŸ™ŒğŸ’ğŸš€ğŸš€ğŸš€ğŸš€ğŸš€ğŸš€,2021-01-29 23:20:07,GME,262.0
59,YoungMalcolm1,AMC AND GME ROCKETING ON MONDAY BOYS ğŸš€ğŸ¿,2021-01-29 23:04:47,AMC_GME,91.0
60,arbiter1170,"YOU KNOW WHAT I DONT SEE IN THIS THREAD? 
ANY PAPER HANDED BITCHES!!! 

DIAMOND. FUCKING. HANDS. ğŸ’ğŸ™Œ

WE LIKE THE STOCK",2021-01-29 23:10:21,SEE,80.0
61,40ozT0Freedom,# FUCK ROBINHOOD,2021-01-29 23:30:30,,89.0
62,VerySlump,"ppl in the 1920s: wahhh the stock market crashed I will kill myself and my wife  ğŸ§ğŸ»ğŸ˜“

#ppl in the 2020s: I will crash the stock market on purpose for fun ğŸ§ğŸ¾ğŸ¦ğŸ’ª",2021-01-30 01:25:22,,83.0
63,Cryptonite323,WE FUCKING DID IT,2021-01-29 23:00:47,,81.0
64,waterfrog987654321,"#ROBINHOOD IS GIVING YOUR DATA TO HEDGEFUNDS TO FUCK YOU AS WELL AS LIMITING BUYS TO DOUBLE FUCK YOU. TAKE THIS WEEKEND TO SIGN UP FOR FIDELITY OR VANGUARD AND CONVINCE ALL YOUR FRIENDS TOO.






#ROBINHOOD IS A GODDAMN TROJAN HORSE, BUT WE WILL NOT BE STOPPED.





#NEXT THREE BUSINESS DAYS WILL BE BIG BECAUSE THEY HAVE TO BUY SHARES TO COVER ALL THE CALLS AT 320 STRIKE TODAY. THERE IS STILL TIME TO LOAD UP BEFORE WE LIFTOFF. BUY AND HOLD. BUY AND HOLD.",2021-01-29 23:30:43,BIG_WELL_DATA,76.0
65,Reckonz,"Bought 1 share at $330. When I saw the dip I didnâ€™t pull out. I HOLD 

HOLD 

im broke af but went full retard for this",2021-01-29 23:03:46,,162.0
66,zaitsev4,"Gme

Edit: ğŸš€ğŸš€ğŸš€ğŸš€ğŸš€ğŸš€ğŸš€ğŸš€ğŸš€ğŸš€ğŸš€ğŸš€",2021-01-29 23:00:28,,141.0
67,PM_ME_UR_LEFT_SHIN,"Battle: won

Squeeze: unsquoze

We fight on. Eat, drink, be ready monday morning. We ride.",2021-01-29 23:01:54,,71.0
68,BangBangPow2012,All hail u/deepfuckingvalue,2021-01-30 00:00:29,,74.0
69,StayAtHomeAstronaut,"Since yesterday, I'm down more than I've ever been in a day -- like $25kish â€” but Iâ€™m holding and feeling good.

Letâ€™s get fucking drunk",2021-01-30 00:16:32,,80.0
70,WhiteBoyWhoJumps,We did it! AMC and GME strong! ğŸš€ ğŸš€ ğŸ’ ğŸ™Œ,2021-01-29 23:01:07,AMC_GME,220.0
71,kkkbbb11523,Closed at 325$!!! Hell yeah take that 115$,2021-01-29 23:00:58,,62.0
72,3rd_Planet,"ğŸ’ğŸ™ŒğŸ’ğŸ™ŒğŸ’ğŸ™ŒğŸ’ğŸ™Œ

180 AMC
125 BB

Account down $1600+ in two days. 

RIDE OR DIE BITCHES",2021-01-29 23:02:34,,75.0
73,WallStreetKangaroo,#+69% NICE,2021-01-29 23:06:00,,66.0
74,buycurious,The comments are moving so fast that no one will see that I love all of you apes.,2021-01-29 23:06:47,,75.0
75,Skinkeost,"Enjoy your weekend, guys. Remember to take time of the computer, drink a couple of beers, spend some quality time with your wife and her boyfriend, and get ready for next week.  
Love you guys. (full homo)",2021-01-29 23:06:52,,65.0
76,piercemoore,"Today is the first day I ever bought or owned stock and watched the stock market. I ended up basically dead even on GME, so it could have gone way worse. Glad I could lose my stock virginity holding the fucking LINE with you retards",2021-01-29 23:10:53,GME,73.0
77,Spaghyeti,SHIT. DID WE CLOSE ABOVE $320?????,2021-01-29 23:10:58,,67.0
78,tommy1010,"#THEY'RE TRYING TO DROP THE PRICE TO MITIGATE THEIR LOSSES ON THESE EXPIRING FDS!

#KEEP BUYING AND HOLD THAT MOTHER FUCKIN LINE!!!!!!!",2021-01-29 23:12:33,,72.0
79,waterfrog987654321,"#WE FOUGHT TODAY WITH ONE ARM CUT OFF BECAUSE ROBINHOOD LIMITED YOUR HOLDINGS TO A MAX OF 2.....





#AND WE STILL FUCKING WON. JUST WAIT UNTIL WE CAN GET BOTH FISTS UP AND THEN WE PUMMEL THESE SNAKE ASS BITCHES





#SIGN UP FOR FIDELITY OR VANGUARD OVER THE WEEKEND AND GET ALL YOUR FRIENDS AND FAMILY ON RH TO TOO. HOLD YOUR SHARES IN RH UNTIL YOURE SET UP",2021-01-29 23:33:55,MAX_RH,68.0
80,afishnsea,This weekend thread isn't pinned and half of the subscribers now probably don't even know it exists.  VIP only,2021-01-30 01:00:11,,67.0
81,TheUltraViolence,"WALLSTREET: THIS SHORT IS GOING TO PAY OUT

AMERICANS: PLZ HALP WE'RE DESPERATE

GOVERNMENT: NO

AMERICANS: SOME OF US ARE STARVING PLEASE HAVE MERCY

GOVERNMENT: NOPE

AMERICANS: FINE

&#x200B;

1 CAPITALISM LATER...

&#x200B;

WALLSTREET: OH MY GOD WHY ARE THEY TRADING LIKE THEY HAVE NOTHING TO LOSE",2021-01-30 00:26:43,,141.0
82,Imaginary-Engineer-2,"I just got called a noob in one of the other threads for saying ""we buy high and sell low around here""

&#x200B;

By a guy who joined yesterday. 

&#x200B;

This sub is so fucked.

Edit: The guy who called me a noob is ""daytrading fractional shares""",2021-01-30 13:07:33,,132.0
83,wafflepiezz,"#STILL 112% SHORT INTEREST.

#MASSIVE SQUEEZE HASNâ€™T EVEN HAPPENED YET.

#ROBINHOOD AND BROKERAGES SUCKING THEIR HEDGE FUND BOY DICKS PREVENTING THE SQUEEZE

#112% SHORT INTEREST

#FUCK THEM UPPPP ğŸš€ğŸš€ğŸš€ğŸš€ğŸš€ğŸš€ğŸš€ğŸš€ğŸ’ğŸ’ğŸ’ğŸ’ğŸ’ğŸ’ğŸ’

#STILL 112% SHORT INTEREST.

#MASSIVE SQUEEZE HASNâ€™T EVEN HAPPENED YET.

#ROBINHOOD AND BROKERAGES SUCKING THEIR HEDGE FUND BOY DICKS PREVENTING THE SQUEEZE

#112% SHORT INTEREST

#FUCK THEM UPPPP ğŸš€ğŸš€ğŸš€ğŸš€ğŸš€ğŸš€ğŸš€ğŸš€ğŸ’ğŸ’ğŸ’ğŸ’ğŸ’ğŸ’ğŸ’",2021-01-29 23:03:31,,245.0
84,TheCardiganKing,"Oh, they're fucked now.",2021-01-29 23:01:03,,65.0
85,wellepet000,GAMMA SQUEEZE INBOUND ğŸ’ğŸ–ï¸ğŸ’ğŸ–ï¸ğŸ’,2021-01-29 23:01:42,,66.0
86,alpha-crypt,proud of y'all. You retards kept it above 320,2021-01-29 23:01:43,,62.0
87,Yolonus,Can some of you retards try to explain how big of a win we just witnessed?,2021-01-29 23:01:43,,64.0
88,carramrod2012,"**DONT FUCKING SELL---WE""RE NOT FUCKING LEAVING 4:15p THE OPTIONS EXERCISE**",2021-01-29 23:08:30,,59.0
89,kingkonig,"Oh my god Robinhood is broken.  They limited Starbucks and GM (and 48+ other stocks).  They cannot afford to execute buys.

WSB took down Melvin, and Robinhood too",2021-01-29 23:24:51,GM,67.0
90,kiol21,You RH users need to spend the weekend getting set up elsewhere,2021-01-29 23:36:10,RH,64.0
91,DonCorleone47,"Guys please donâ€™t use robinhood, when ever you can, switch to a new broker, in the future robinhood will FUCK u over just like they did these past 2 days we need to teach them a lesson",2021-01-29 23:41:19,,63.0
92,aquarius3737,"Thank you everybody for [+28,000% gains in the last month](https://i.imgur.com/xT3bzKl.png)",2021-01-29 23:42:11,,61.0
93,TraySplash21,Any broker that locks their customers out of specific stocks during open hours is market manipulation,2021-01-30 00:08:04,,66.0
94,Tremori,"I'm scared. Hold me guys

Edit: laughed my ass off thanks guys.",2021-01-29 23:00:36,,230.0
95,ilove60sstuff,#HOLD AMC MONDAY IS WHEN I GET A BOAT,2021-01-29 23:22:56,AMC,141.0
96,Bartszella,Congrats everyone for holding! AMC GME BB ğŸš€,2021-01-29 23:04:57,AMC_GME_BB,58.0
97,keyrafiz,Market is down in general after hours. DO NOT PANIC,2021-01-29 23:06:08,,54.0
98,amow24,Holy shit this might be retarded enough to work,2021-01-29 23:08:35,,57.0
99,lewisherber,"May I take a moment to say

#FUCK ROBINHOOD",2021-01-29 23:13:23,,63.0
100,Lame_Logan,AMC just completely recovered from the after hours dipğŸ’¦ğŸ’¦,2021-01-29 23:14:14,AMC,64.0
101,Dismiss,BB soldiers had to retreat today. On Monday we make a stand. They'll have to pry the shares from my cold dead hands.,2021-01-29 23:26:29,BB,59.0
102,KushyKing,"Check the sudden massive 200,000 volume sell off spike before close on $AMC

Short sellers are fucking PANICKED! 

They tried to drive down the price of GME and AMC before close but you retards fought back and recovered. Iâ€™m so damn proud!

Get ready for a wild surge on Monday as more and more people see the insane price surge from today this weekend ğŸš€ğŸ–ğŸ’ğŸ–ğŸš€",2021-01-29 23:45:53,AMC_GME,69.0
103,angriff36,Our fault for breaking the market but they keep failing to mention that they keep doubling down instead of just caving and covering their positions. Take your fucking loss and we will sell.,2021-01-30 00:20:36,,55.0
104,explosivelydehiscent,So just how many ludes's am I supposed to take before I drive my lambo?,2021-01-30 00:26:01,,61.0
105,ChiefGleesh,This feels like old WSB signed a 6 figure record deal and we going on a world tour rn and it just wonâ€™t be the same ever again,2021-01-30 13:38:22,,59.0
106,foeplay44,We really need a daily GME summary thread written by someone smart to keep all the retards informed.,2021-01-29 23:18:13,GME,124.0
107,artem_m,"I am 40k in debt. I quit my job. 

I have 212 shares from last week. If I can hold you fucks can hold.",2021-01-29 23:31:48,,125.0
108,Empuc1a,I nutted when it closed above 320,2021-01-29 23:01:03,,105.0
109,AmericaFirst1856,AMC TO $100 ğŸš€,2021-01-29 23:25:15,AMC,122.0
110,DickInAToaster,"READ, UPVOTE & COMMENT FOR VISIBILITY:

This weekend needs to be focused on applying pressure to those that are shutting out our access to buying.

We need to appeal to politicians, and regulatory bodies to move swiftly.

Can someone with strategic skills and a background in this create a post of how we move?",2021-01-29 23:35:50,,123.0
111,matt_tgr,\+69% at close. Coincidence? I think not. NEXT STOP 4200.69 ğŸš€ğŸš€ğŸš€ğŸš€,2021-01-29 23:03:33,,54.0
112,SavorySkills_,Disregard AH. HOLD STRONG AS WE ALWAYS SAID. THIS IS A WIN IF WE HOLD.,2021-01-29 23:11:04,,51.0
113,ArtOfDivine,"**People who sold**

I SMELL BITCHES IN HERE",2021-01-29 23:16:37,,51.0
114,GucciGlocc,AMC IS STILL FUCKING PRINTING,2021-01-29 23:17:25,AMC,58.0
115,whysotortoise,The squeeze is truly GameStopâ€™s greatest game yet. And itâ€™s Cross platform!,2021-01-29 23:19:33,,51.0
116,v-v-v-v-v-v-v,BB apes you donâ€™t lock in your losses unless you sell. you know what that means ğŸ˜ˆğŸ’ğŸ™Œ,2021-01-29 23:22:42,BB,53.0
117,theonlywayisupwards,"I really went balls deep for my first time trading. \~Â£7500 in on a meme stonk.

Edit: 35 @ $280.",2021-01-29 23:25:57,,55.0
118,BoughtreeFidee,BB bout to fuckin rip to the moon next week,2021-01-29 23:26:56,BB,57.0
119,_NicolasCageMatch_,SOMEONE PLEASE MAKE A POST ABOUT WHY 10k IS NOT A MEME. THE RETARDS (me) NEED TO BE CONSTANTLY REMINDED THAT WE CAN GET MAXIUM TENDIES IF WE JUST FUCKING HOLD.,2021-01-29 23:28:49,POST,52.0
120,MyGodHole,I have been on an airplane for the past 2 hours and the last thing I saw before airplane mode was $250ish. I was sweating this flight more than any other in my life. Just landed in Dallas and all I can say is LET'S FUCKING GO!!,2021-01-29 23:32:34,,50.0
121,1005thArmbar,"Fuck it, I'm going to sell some shit on Facebook Marketplace this weekend and put all the money in GME. We're going to the moon and I'll have more than enough to replace anything I care about

I'm sure someone will buy my engraved iPad. Just put it in a case, who gives a fuck?",2021-01-30 00:23:15,GME,51.0
122,Fargraven,"What a fucking sexy week. Treating myself to some overpriced DoorDash after not eating/sleeping for 2 days. 

Till next week boysğŸ»",2021-01-30 00:57:51,,59.0
123,RetardedDungBeatle,Imagine you are gabe plotkin or Steve Cohen and read this article seeing that a guy in his rented basement wearing a headband and cat t shirts was the reason your multi billion dollar funds suffered massive losses ğŸ¤£,2021-01-30 13:25:26,,52.0
124,moneyandbanking1,"Daddy how did you get so rich?

I bought GME sub 300 before it overtook BRK.A as the highest price stock in history, my son. 

Is that why I have so many mommies?

Yes, my dear boy.",2021-01-29 23:25:17,GME,117.0
125,Vivaci,"BB Bois Roll Call âœŠğŸ’

Whoâ€™s still alive and on the path to glory next week? ğŸš€ğŸŒ•

Monkey strong together ğŸ¦ğŸ¦ğŸ¦ğŸ¦",2021-01-29 23:35:03,BB,108.0
126,cashflow_,Guys I donâ€™t want to be a virgin anymore,2021-01-30 00:37:17,,51.0
127,TheGiantEyeball,"**The media is going to try to scare me into selling? Joke's on them, I can't read**",2021-01-29 23:27:43,,106.0
128,jesseparks13,"Iâ€™m not the type to YOLO money. I did not believe in the GME hype. I changed my mind after seeing all the discussions on the news these few days. The political attention GME has drawn changed my mind. I think thereâ€™s a real possibility of policy change, since there seems to be bi-partisan support for some sort of policy reform that will make things better for retail investors. I put 1800$ in GME today. Itâ€™s an amount Iâ€™m fine with losing. I donâ€™t expect to make money from this. If I do, great. If it goes to 0, itâ€™s fine. I did it to send a message to Wall Street and Congress that I want retail investors to be treated more fairly.",2021-01-29 23:33:16,GME,104.0
129,aggieclams,# Woman on CNBC has huge dick energy. Calling out the shorts! Sheâ€™s a queen ğŸ‘‘,2021-01-30 00:09:53,,110.0
130,IAmXeranthius,Did we just close @$325 ğŸš€ğŸš€ğŸš€ğŸš€ğŸš€,2021-01-29 23:03:01,,48.0
131,Emotional-Roof-7728,# be ready for media attacks ğŸ’ğŸ’ğŸ’ªğŸ’ªğŸš€ğŸš€ğŸš€,2021-01-29 23:04:20,,45.0
132,Djstevieo,Amc 150 next week,2021-01-29 23:04:38,,50.0
133,dylaninvests,WHO IS READY TO NOT STOP LOOKING AT OUR PHONES AND COMPUTERS FOR ANOTHER WEEK?,2021-01-29 23:05:52,,47.0
134,Guapscotch,"GME CLOSE AT ABOVE $320

WHAT A SAVE! ğŸš€ğŸš€ğŸš€

WHAT A SAVE! ğŸš€ğŸš€ğŸš€ 

WHAT A SAVE! ğŸš€ğŸš€ğŸš€

WHAT A SAVE! ğŸš€ğŸš€ğŸš€

WHAT A SAVE! ğŸš€ğŸš€ğŸš€

WHAT A SAVE! ğŸš€ğŸš€ğŸš€

CHAT DISABLED FOR 3 SECONDS.",2021-01-29 23:07:46,GME_SAVE,49.0
135,ItsJustNigel,"ROBINHOOD IS DOING THE EXACT SAME THING AS YESTERDAY. We need to make this a story again. 

This morning, they set a maximum limit of shares of GME, BB, AMC, etc that you could hold at a time. That limit has been DECREASING all day. This has effectively caused the same situation as yesterday - RETAIL INVESTORS (YOU) CANNOT BUY. 

They've changed the optics to keep out of the press and it's working so far. WE NEED TO SPREAD THIS INFO. ALERT THE PRESS, CALL YOUR SENATORS, TWEET, GET THIS ON THE AIR.

RALLY TO TWITTER AND GET OUR VOICES HEARD.

Here is an example tweet (full disclosure, it's my tweet):

https://twitter.com/BearMaxCowley/status/1355245810275897348?s=19",2021-01-29 23:09:02,AMC_GME_INFO_BB,48.0
136,xjosiecat,BB GANG,2021-01-29 23:09:12,BB,44.0
137,SummerSnow8,So what happens to AMC and GME now that we hold passed the price point next week?,2021-01-29 23:14:29,AMC_GME,49.0
138,HolyHorndog,Boys BB is hella cheap right now. Letâ€™s go,2021-01-29 23:15:01,BB,47.0
139,cleanesthippie,AMC after hours let's goooo,2021-01-29 23:15:06,AMC,49.0
140,pafzy,DONT SELL AMC DWEEBS,2021-01-29 23:18:19,AMC,49.0
141,JacquesMiaf,I havenâ€™t drank in a month but tonight Iâ€™m getting lit,2021-01-29 23:18:46,,49.0
142,numb1041,WE DONE IT guys if we literally hit 10k Iâ€™m a millionaire this is crazy and life changing thank you all we got so far now letâ€™s not sell for anything less than 5 FIGURESSS ğŸ’ğŸ’ğŸ’ğŸ’ğŸ’ğŸ’ğŸ’,2021-01-29 23:19:30,,47.0
143,Crockpot-Ron,Thereâ€™s a post a ways down describing Robinhood hiring for a chief of staff and other legal positions we should flood it with bs resumes so they cant,2021-01-29 23:20:09,,46.0
144,plexico18,DO NOT SELL ON MONDAY. BUY MONDAY MORNING,2021-01-29 23:20:34,,54.0
145,SavorySkills_,WE ENDED UP. WIN. WE ENDED UP 69%. HOLY SHIT THIS WAS MADE FOR US BOYS. I LOVE ALL OF YOU (THAT KEEP HOLDING). â¤ï¸â¤ï¸â¤ï¸â¤ï¸ğŸš€ğŸ˜ğŸ˜˜ğŸ˜ˆ,2021-01-29 23:21:24,,49.0
146,Toadfinger,"Seeking detardation:

First off: Congratulations to everyone here that has literally shocked the world. 

Still trying to get a grasp of what just happened with GME. 

Is infinite upward pressure the key to total victory? The necessary ğŸš€ fuel?",2021-01-29 23:21:46,GME,48.0
147,jonnynibblets,Robinhood limiting 50 different stocks now. Massive  cover up on their end. They know theyre done for,2021-01-29 23:25:14,,49.0
148,Longjumping_College,"I bought 22 more $BB calls ğŸš€ğŸš€ğŸš€ğŸš€ğŸš€ğŸ‘¨â€ğŸš€ (well, had a few expiring that rolled into more, 47 calls now)

Bought $5k more $BB shares on a real broker and then bought into $GME @337ğŸ¤˜

Do your worst hedges.ğŸ¤¡",2021-01-29 23:26:03,GME_BB,49.0
149,Prides_downfall,All you got to know is if u/deepfuckingvalue is still holding then you hold,2021-01-29 23:29:34,,45.0
150,vaish1992,"LISTEN UP MY FELLOW AUTISTS...THEY WILL TRY EVERY DIRTY TACTIC IN THE BOOK TO MAKE U SELL YOUR STOCK...DONT FALL FOR IT..STAY PUT....THOSE HEDGE FUNDS HAVE DESTROYED ENOUGH BUSINESSES WITH THEIR SHITTY SHORTING TACTICS-JCPENNY,TOYSRUS,SEARS TO NAME A FEW...IF U GIVE UP,THEY WILL LITERALLY LAUGH THEIR WAY TO THE BANK...WE HAVE A CHANCE HERE TO EXPOSE AND CHANGE THE CURRENT CORRUPT SYSTEM...NOT JUST FOR US BUT OUR KIDS ASWELL..LOOK AT THIS VIDEO FROM 2008 AND SEE HOW THOSE WALLSTREETERS WERE CELEBRATING AND LAUGHING WHILE MILLIONS WERE LOSING THEIR HOMES...HOLD...DONT GIVE UP. .. https://youtu.be/2PiXDTK_CBY",2021-01-29 23:37:17,SEE,53.0
151,USMC_RVXAF03,"Fuckkkkkkk i closed the week with $1500 in a loss on BB 

Still holding..... I wonder if it will ever get back to the $20s

Iâ€™m stuck here I know it isnâ€™t much but Iâ€™m trying to do my part

Edit I put all my savings into BB AT $17.98 $5000 
Thatâ€™s all I had nothing else told the wife she freaked out and started crying told her it will be okay",2021-01-29 23:39:37,BB,44.0
152,Sandvicheater,"I live at $412, I died at $325, I live again at $1000. What a day what a lovely day!!!!!",2021-01-29 23:40:34,,51.0
153,kismethavok,The autists can remain irrational longer than you can remain solvent you hedgie fucks,2021-01-30 00:17:56,,49.0
154,TAWS,Day trading is so fun. The rush you get when you accidently buy 1000 shares of GME instead of 10 shares is unbeatable,2021-01-30 01:25:47,GME,48.0
155,RIZup18769,"This may not happen again in this place, so many OGâ€™s in one spot, not drowned out by sheer numbers. May I just say, itâ€™s been a pleasure playing with you all.",2021-01-30 07:49:18,,47.0
156,afishnsea,If this gets 200 upvotes I will get an ass tat of a GME rocket landing on my full moon,2021-01-29 23:57:59,GME,251.0
157,GetOFFredditnow8504,"Get ready for FUD (Fear Uncertainty Doubt) campaigns on the weekend. It's already starting.

The number of posts with supposed ""level headed"" advice about how a short squeeze is much more difficult to achieve than we all think and how the strong and powerful hedge funds have much more cards up their sleeve and to ""rethink your strategy"" but still ""Go GME I am one of you guys!"" always with a few rewards sticked to them is exploding and will be getting progressively worse in the weekend most certainly.

Hedge Fund interns have now learned how reddit works and want to part you with your GME shares.

ALWAYS check the up / downvote ratio and read the comments before getting swayed by whatever semi correct sounding bullshit they're spouting. Oh how desperate they now have become.

I LIKE THE STOCK.

This is not financial advice.

This is retard advice. Which is much more valuable.

-u/tyanuh",2021-01-29 23:33:48,GME,178.0
158,jfc999,I brought BB at $26 lmao please come rescue me retards,2021-01-29 23:17:41,BB,95.0
159,danhoyuen,i am so at peace with holding long that i havnt even checked the aftermarket price in 10 minutes.,2021-01-29 23:34:22,,96.0
160,Eveedream,So like... Is it all ğŸ’ ğŸ† in here and am I the only ğŸ’ğŸŒ® or do we just call everyone ğŸ’ğŸ† or what?,2021-01-29 23:11:49,,141.0
161,roy2593,Like this is you are holding... and retarded.,2021-01-29 23:05:22,,212.0
162,Wsbgal,"#Money is replaceable, you are not

Your risk tolerance is wild enough for you to be here. You will get through this. Take a break and come back fresh. Donâ€™t chase your losses. Talk to some comrades here about how dumb your plays were. If you still feel like you canâ€™t handle life; check out the resources below. Thereâ€™s no shame in reaching out. My inbox is always open as well, though response time may vary. Worst case, thereâ€™s always bankruptcy, and even that isnâ€™t the end of the world. 

24/7 Crisis Hotline: 1-800-273-TALK (8255) (Veterans, press 1)

Crisis Text Line: Text TALK to 741-741

Veterans Crisis Line: Send a text to 838255

SAMHSA Treatment Referral Hotline (Substance Abuse) 1-800-662-HELP (4357)

The National Problem Gambling Helpline (1-800-522-4700)

The National Problem Gambling Text Helpline 800-522-4700

**MY INBOX IS OPEN. I MANAGED TO LOSE MY SHIRT THIS WEEK TOO. TAKE ME UP ON MY OFFER IF YOU NEED TO TALK TO SOMEONE.**",2021-01-29 23:15:46,,369.0
163,quadzzz,"**$GME UP 69% FOR THE DAY.**

**GREAT WORK BOIS.**

**IT'S A SIGN FROM GOD.**",2021-01-29 23:02:15,WORK_GME,86.0
164,BlaseRaptor544,CLOSED ABOVE 320 ğŸ’ğŸ™Œ. YOU KINGS,2021-01-29 23:02:31,,41.0
165,sonofdarepublic,"Im like robinhood 
 
Cause Im not selling GME

ğŸš€ğŸš€ğŸš€ğŸš€ğŸš€",2021-01-29 23:02:51,GME,42.0
166,ScarletHighlander,"# HEY CNBC, GO FUCK YA MUTHA",2021-01-29 23:03:56,,45.0
167,jerryfzhang,yall are legends for keeping gme closed above 320 even when RH is going against us.,2021-01-29 23:04:08,RH,44.0
168,ActualWolverine,I just sold $3000 of my nvidia shares to buy 10 GME.,2021-01-29 23:05:47,GME,42.0
169,morgrob,Amc tanking after hours. ğŸš€Monday,2021-01-29 23:07:57,,46.0
170,Mr-Biscuit-God,"So the prices held, and now all of the options have expired and are now worthless. Can someone explain how this relates to the short interest and how this will ultimately trigger the gamma squeeze?",2021-01-29 23:08:53,,41.0
171,Z_BabbleBlox,"That was fucking epic at the end of the day to push above $320. Holy shit.   


OUT FUCKING STANDING job!",2021-01-29 23:09:24,,44.0
172,dbauer0706,"1 share GME, 5 shares AMC, 3 shares NOK. Iâ€™m up 7 dollars letâ€™s gooooo",2021-01-29 23:10:31,AMC_GME_NOK,44.0
173,ItsOnlyWells,If GME hits 10k next week I will get a DFV tat on my chest,2021-01-29 23:10:54,GME,47.0
174,Tommy-_-,What did closing at $13.35 mean for AMC?,2021-01-29 23:11:30,AMC,49.0
175,denny-boffa,anybody got good clips of hedge funds people raging saw one on instagram and its so satisfying,2021-01-29 23:12:11,,46.0
176,ImKnownToFuckMyself,"If youâ€™re reading this, itâ€™s been a long well fought day. 

Now take 5 and Hydrate my homies.",2021-01-29 23:12:16,,44.0
177,leredditbugman,"I can almost guarantee theyâ€™re shorting any â€˜wsb memestockâ€™ to cover their gme losses.

Also with hype comes new traders with paper hands, we know theyâ€™re gonna try and shake the paper hands every day, weâ€™re not doing a good enough job explaining to hold.",2021-01-29 23:13:20,,47.0
178,Dylan7007,GUYS OPTIONS EXERCISE AT 5PM WATCH AMC/GME ğŸš€ğŸš€ğŸš€ğŸš€ğŸš€,2021-01-29 23:14:15,,42.0
179,Pizzaiol,"# [APES TOGETHER STRONG!!!!!](https://www.youtube.com/watch?v=JDbwEQG2cqI)

#  ğŸ’ğŸ’ğŸ’ğŸ’ğŸ’ğŸ’ğŸ’ğŸ’ğŸ’ğŸ’ğŸ’ğŸ’",2021-01-29 23:14:23,,43.0
180,Superslowmojoe,"Iâ€™ve never bought a share in the stock market in my entire life, but Iâ€™m opening an account and buying GME, and holding no matter what. I grew up  during the Great Recession, and this is the chance of a lifetime to get my revenge",2021-01-29 23:17:58,GME,43.0
181,JustinianIV,"Will you new autists calm down with the wHyS iT dOwN aFtEr HoUrS

BRUH ITâ€™S DOWN 3% RELAX WE GO UP LIKE 100% EVERY DAY",2021-01-29 23:18:14,,40.0
182,SteamApunk,"What's the NOK status??? 

I'm in the full retard spread GME, AMC, BB, NOK 

we think its going up next week?",2021-01-29 23:22:13,AMC_NOK_GME_BB,55.0
183,The_Handyman,Just watched a swedish newsite try to explain what is happening and he used apes and bananas as metaphors of us hahah.,2021-01-29 23:26:44,,46.0
184,iTradeStalks,"#SOON MAY THE TENDIEMAN COME

#TO SEND OUR ğŸš€ INTO THE ğŸŒ 

#AND WHEN THE DAY IS DONE

#WE WILL TAKE OUR GAINS AND GO",2021-01-29 23:28:53,,43.0
185,axel182,#6.3 MILLION DEGENERATES!!! POG!,2021-01-29 23:29:29,,45.0
186,Canningred,Can we take this big ğŸ† energy and get some military bases or schools named after deepfuckingvalue? The man is an ğŸ‡ºğŸ‡¸hero,2021-01-29 23:33:46,,47.0
187,Stonkslegend,GME will be the most epic short squeeze in history ğŸš€ğŸš€ğŸš€ğŸš€ğŸš€ğŸš€ğŸš€ğŸš€ğŸ‰,2021-01-29 23:34:53,GME,46.0
188,817mkd,I wake up at 3 to see gme at 300 and a market abt to close for the weekend. You morons are actually doing it.,2021-01-29 23:37:16,,46.0
189,quesobueno1,This is for Harambe,2021-01-29 23:37:45,,44.0
190,LynchFan997,I like the idea of the AMC and GME shorters sweating it out over the weekend.  Usually itâ€™s us instead,2021-01-29 23:38:45,AMC_GME,49.0
191,ackbar2020,"FYI - As most of you know RH's customers are the brokers and clearing houses, not you. Their customers pay for info that is just a second or so ahead of your trade in order to maximize their profits. As far as I can tell, Fidelity is one of the only retail trading outlets that does not do this because they give no fucks and have all the monies. This is not an endorsement of Fidelity, it is an FYI to encourage research on whatever platform/broker/town crier you use to trade. Know whose business you are supporting. 

I am not a financial advisor and this is not financial advise. I'm just another retard holding 15k of GME. Apes together...STRONG.",2021-01-29 23:39:16,GME,43.0
192,PlayFree_Bird,"It looks highly suspicious that they are trying to settle the price as close to $320 as they can.

I suspect they want retail investors to have to exercise calls for as close to zero profit as possible.",2021-01-29 23:41:49,,41.0
193,KimBooJoong,FUCK ROBINHOOD,2021-01-29 23:42:26,,44.0
194,Himegamii,All my NOK and BB options expired worthless today. Lost almost all my initial cost. But fuck it I am going to hold on what ever shares I have left and maybe buy more. Fuck RH.,2021-01-29 23:42:57,NOK_RH_BB,46.0
195,HalfwayIllumined,The short sellers are hoping we get bored holding GME lol ğŸ˜†ğŸ˜‚ this is the most exciting shit ever,2021-01-29 23:44:06,GME,41.0
196,TAWS,They can't say GME is a pyramid scheme because that would mean the whole stock market is one too.,2021-01-29 23:55:09,GME,47.0
197,Quasar232,"is it possible that Robinhood has gotten themselves into serious financial trouble by frontloading money via their instant feature?

I instant'd a ton of money over the past few days, and I'm sure others have as well. That money has not cleared out of my account yet.

Is it possible that, multiplying that by the several hundred thousand people investing who are using that same process, they have gotten into massive trouble? It's 1000 a day, *per person.* That is a **ton** of money across the week, all of which they have to frontload.",2021-01-29 23:57:28,,42.0
198,redknappsaccountant,"The below be posted somewhere:

**tl;dr: Stop telling people to switch from X broker -> Y broker. Instead spread your cash over multiple brokers.**

Why ? 

Robinhood, Schwab IBKR and the main brokers us millennials use are both making tons of $$ during this vol, but forced to post collateral to clearinghouse as funds settle as a function of vol. This was post in place after 2008 to make sure market participants (HFs, ETFs, etc) can't overleverage, lose $$ on paper and not pay out their losses. Formula for collateral:  \~ 99% 2day VaR

Today the margin call infra is much better. If any of the HFs violated these rules, they'd likely need to post collateral by end of day before an immediate margin call. However RH, Schwab, IBKR etc have no visibility into this, and so NSCC still wants collateral posted to protect YOU. 

Moving to broker xyz is just going to shift the problem to that broker. 

tl;dr: Stop telling people to switch from X broker -> Y broker. Instead spread your cash over multiple brokers.",2021-01-30 00:01:42,RH,40.0
199,Cotton928,Liking the chick on CNBC right now!,2021-01-30 00:17:02,,44.0
200,dinomcnugget,"Heads up for those switching brokers, I just spoke to a fidelity rep and they said it would freeze your shares for 1-2 weeks, so theoretically if you the squeeze were to happen you might miss it 

This is not financial advice",2021-01-30 01:01:53,,44.0
201,nicelogin,Wall street literally went to war with us this week and we are still standing strong. These freaking clowns have the secretary of treasury in their back pockets and we still standing.,2021-01-30 01:52:32,,44.0
202,br0botic,"Imagine having the opportunity to cash out almost $50 million and not doing it because you believe so strongly in your convictions, only to lose $15 million the next day. And then doing it again. 

That is diamond fucking hands personified. 

Long live DFV.",2021-01-30 02:46:40,,45.0
203,Investinwaffl3s,"Mods, I just want to thank you sincerely as a hardcore WSB'er for the past like 2 years for NOT pinning this thread. 

This whole week has been some fucking retarded version of Lord of the Flies and during tech earnings....it was fucking rough and I was very agitated this entire week with all the noobs trampling over everything sacred in here.

OG'ers know they can just search by flair. Hopefully the fucking noobs don't find this thread",2021-01-30 02:55:48,,41.0
204,BuckshotGames44,When they don't pin the weekend thread you can actually spot some og WSBers in here ğŸ˜˜,2021-01-30 03:17:21,,40.0
205,Mooseknuckle94,AMC retards rise up ğŸ›¸,2021-01-29 23:35:37,AMC,187.0
206,ArtOfDivine,"**Today was pure market manipulation. Pushing the price down via trading back and forth. However, they couldnâ€™t even force the price down $200. They are getting desperate.**",2021-01-29 23:33:48,,83.0
207,NoirDior,"A lot of you are asking the importance of closing above 320. Here's why it's (likely) important:

As you witnessed in the last half hour, almost every time we climbed up, we'd be brought back down at the same speed. We experienced a ""ladder attack"" which, to oversimplify it, is these companies selling shares at lower prices and buying shares at lower prices to force the price down. But they're doing this at like insane speeds. 

320 was a major point of resistance for us. We kept getting beat down from there for a while, which makes us assume their ladder was designed to knock us below 320, perhaps even knock us below 300 if our resolve hadn't been so strong. With the market closing above 320, they now have to excercize the expiring options that are profitable up to, and including, the 320 range. They wanted to do what they could to avoid that as to limit their losses. I'm not looking at advanced charts or anything rn, but I'm assuming there must have been a sizable amount of weeklies/FDs that they're now forced to pay out, in addition to every other single option from 320 (330? I forget where we closed lol) and below. 

This is a HUUUUGE dent, and I'd be shocked if we didn't open above 500 on monday. 

(Again this is very oversimplified)",2021-01-29 23:12:39,,118.0
208,Estrovia,"ğŸ’ğŸ™ğŸ’ğŸ™ğŸ’ğŸ™ğŸ’ğŸ™ğŸ’ğŸ™ğŸ’ğŸ™ğŸ’ğŸ™ğŸ’

THE BATTLE IS WON, BUT THE WAR OS JUST BEGINNING! 

NOW THEY MUST START TO LIQUIDATE THEIR POSITIONS WHICH EXPIRED TODAY. THEY HAVE 3-5 TRADING DAYS TO DO THIS. THAT MEANS WE HOLD UNTIL SHORT INTEREST DROPS THROUGHOUT NEXT WEEK. 

HOW WILL YOU KNOW WHEN THE SQUEEZE IS BEING SQUOZE? OH YOU BEAUTIFUL BASTARDS YOU WILL FUCKING KNOW IT.

APE TOGETHER STRONK!! ğŸ¦ğŸŒğŸ¦ğŸŒ

ğŸŒ•ğŸš€ğŸŒ•ğŸš€ğŸŒ•ğŸš€ğŸŒ•ğŸš€ğŸŒ•ğŸš€ğŸŒ•ğŸš€ğŸŒ•ğŸš€ğŸŒ•",2021-01-29 23:09:10,,120.0
209,nootbag,WE DID IT!!!,2021-01-29 23:00:39,,37.0
210,Lord_Vendrick,DIAMOND. FUCKING. HANDS.,2021-01-29 23:00:46,,35.0
211,fishyman336,"The time has time

Now we get to see if weâ€™re actually **Retarded**",2021-01-29 23:01:04,,35.0
212,iamthinksnow,"$320s covered. Bears are fuk.

&#x200B;

Let's get hammered.",2021-01-29 23:02:20,,33.0
213,halfmanhalfrobot69,Diamond fucking hands the whole last hour. Proud of everyone here,2021-01-29 23:02:46,,40.0
214,Jewrasticpark,I thank every single one of you! Because of this I was able to get my dad the surgery he needed to survive!!! Thank all of you!!!!! Love from mexico!!!!,2021-01-29 23:02:53,,37.0
215,MaverickTopGun,So when do I get to find out exactly how much money Melvin lost today? I need to jerk off soon,2021-01-29 23:04:50,,41.0
216,suitology,"Dear jesus, please let my 3 AMC calls print more. Amc to $50+",2021-01-29 23:05:15,AMC,36.0
217,Vasteel4511,"Can someone explain in simple terms why finishing above 320 is good?

Will I need to eat more crayons to understand the answer?",2021-01-29 23:06:33,,37.0
218,tommy1010,"#IF HE'S STILL IN, I'M STILL IN!",2021-01-29 23:08:10,HES,41.0
219,CarryGlacius,"Imagine the dinner table conversations at Melvin partners. I would be surprised if none of these psychos doesn't go on a drug bender like back in the days from the trading floor and bang some hookers, then call their wife a whore when she gives him lip for coming home at 4 am all coked up and letting the family know daddy made a mistake and they have to rent out their Hamptons summer house for the rest of their lives. The implications of this thing will impact families and I love it, because they have fucked over the little guy and his family for way too long.",2021-01-29 23:08:42,,35.0
220,CafeRoaster,"Closed at ~$328. Not too shabby, folks. 

Don't let the after-market numbers spook you. 

Take a break. Enjoy your weekend. Drink water, workout, RELAX.",2021-01-29 23:09:05,,43.0
221,Chemmyxd,"AMERICANS HELD THE LINE. 

EUROCHADS, TIME TO FUCKING SHINE. I LOVE YOU ALL. HOLD THE LINE!",2021-01-29 23:09:32,,38.0
222,Warm_Tzatziki,"Fucking christ I am tired after those last two day like fuck. 

My heart goes fuck fuck fuck now. 

Holding the line is waaay harder than paper handing shit.",2021-01-29 23:09:51,,41.0
223,yayeethaha,Never forget the blatant suppression AMC and GME are facing right now,2021-01-29 23:10:34,AMC_GME,37.0
224,Tucker7144,My nok options didn't sell and expired worthless. But I'm still holding. Mama didn't raise a bitch,2021-01-29 23:10:57,,38.0
225,johnmarty_desu,i am getting so fucking pissed. I am so ABSOLUTELY FUCKING SICK of robinhood and their garbage site and not allowing me to buy shit. THIS IS FUCKING GARBAGE. THE CONSTANT LOGGING ME OUT AND THE SAME ERROR SCREEN AND THE BROKEN CHARTS AND ALL THE FUCKING TRASH. FUCK RH,2021-01-29 23:11:46,RH,42.0
226,ubebread,"à¼¼ ã¤ â—•_ â—• à¼½ã¤ Praise GME à¼¼ ã¤ â—•_ â—• à¼½ã¤ 

à¼¼ ã¤ â—•_ â—• à¼½ã¤ Praise AMC à¼¼ ã¤ â—•_ â—• à¼½ã¤",2021-01-29 23:15:06,AMC_GME,41.0
227,SN0WL30P4RD,"So now that we all donâ€™t have any hobbies for the weekend - letâ€™s resume Sunday! Have a good weekend you beautiful bastards.

Greetings from my wifeâ€™s boyfriend",2021-01-29 23:15:15,,37.0
228,polygamizing,"From /r/BJJ: What cool perk has jiu jitsu given you?

â€œMy grip is way tighter now for holding $GME. ğŸš€ğŸ’ğŸ™ŒğŸ¼â€

Credit: u/EstebanL",2021-01-29 23:18:40,GME,34.0
229,Bryant_hdez,"IM HOLDINGâœ‹ğŸ’ğŸš€ 

""It Ain't Much, But It's Honest Work""",2021-01-29 23:18:49,,38.0
230,Rweb88,"For everyone who blindly parrots about a short squeeze in BB....it has very low short interest. If it moves its from momentum, not at all the same as BBBY, AMC or GME. Do your own research",2021-01-29 23:19:00,AMC_GME,37.0
231,smhanna,If they pull down $BB more next week I am going in HARD on ITM calls.,2021-01-29 23:19:25,BB,41.0
232,Mr_Twinkie-,"Can someone who can write DD's please do a broad DD that just because a stock is shorted doesn't mean it's gonna be another GME.

Too many autists are going to go broke betting on stocks just because they have a high short float. Most stocks are shorted because the company is awful and the stock is rightfully overvalued.",2021-01-29 23:19:49,DD,39.0
233,IsoAgent,"Lol, just robbed Robinhood of a few hundred shares!  Suck it bitch!",2021-01-29 23:20:13,,35.0
234,honedspork,"New people *taps mic*

*Ahem*


Shit posting to the utter maximum in the weekend threads. I want gourd fan fiction, stories from behind Wendy's with Melvin, and bitching about the lack of dopamine due to the markets being closed. Head to r/investing if you want to learn about fiscal responsibility.

Return to your mothers' basements

That is all",2021-01-29 23:24:07,,35.0
235,UsedTask,"New Robinhood restricted list is insane.  They have boomer stocks like GM and SLV and AG on there.

I think we're witnessing the company implode in real time.

[https://robinhood.com/us/en/support/articles/changes-due-to-recent-market-volatility/](https://robinhood.com/us/en/support/articles/changes-due-to-recent-market-volatility/)",2021-01-29 23:25:41,AG_GM,38.0
236,Bowlerguy92,Well I guess Iâ€™ll just stand here and admire my living room for awhile,2021-01-29 23:26:08,,39.0
237,DaddyPhatstacks,"Video game streamers in the future will play in movie theaters for a live audience and there will be built-in game stores for you while you watch. I can't wait, and that's why I'm buying the stocks.",2021-01-29 23:26:30,,39.0
238,TracerMcSorely,It feels like we just got out of school on a friday ğŸ‰ğŸ˜,2021-01-29 23:28:17,,42.0
239,BenSoloGhost,Them shorts are gonna have to pay for our moon flight on AMC. Expiring contracts at $9. Monday is gonna ğŸš€,2021-01-29 23:28:38,AMC,42.0
240,CarrollFilms,The fact the two meme stocks I own carried my portfolio today while all my ETF's and equities crashed. Thanks WSB,2021-01-29 23:30:26,,39.0
241,iTradeStalks,so many people here now nobody will notice that *iâ€™m Gay*,2021-01-29 23:30:34,,36.0
242,BoughtreeFidee,JUICY FUCKIN BLACKBERRIES. On sale get yours today ğŸš€ğŸš€ğŸš€,2021-01-29 23:31:36,,39.0
243,slamfist69,"# I can't wait for 20 years from now in r/historymemes when people ask about GME and we have to start the story: Okay, so it all began in 1889, Kyoto Japan...",2021-01-29 23:32:01,GME,35.0
244,Demetrius-97,"Honestly $BB don't deserve this, fuck market manipulation and fuck you robinhood",2021-01-29 23:32:25,BB,42.0
245,thesneakymouse,"I love you all. This was the most fun/stressful week of my life. Thank you Mods for keeping us glued together ğŸ’ğŸ™ŒğŸ¦ğŸ¦ğŸ¦ğŸš€ğŸš€ğŸš€




Go recharge the batteries over the weekend and letâ€™s fuck shit up on Monday.",2021-01-29 23:33:10,,47.0
246,UpSideofDown,"LOL, CNBC bout to talk about DFV.  Gonna be hilarious watching them tight rope walk his username...",2021-01-29 23:35:47,,37.0
247,jjr3333,Was buying AMC at 12:30 today a good or bad call?,2021-01-29 23:38:33,AMC,46.0
248,SnooBananas6052,I bet Melvinâ€™s wife doesnâ€™t even have a boyfriend,2021-01-29 23:39:55,,37.0
249,ArtOfDivine,"**If all of us hold, we can all snort.**",2021-01-29 23:40:00,,42.0
250,Jc696,WTF ROBINHOOD IS OUT OF CONTROL,2021-01-29 23:40:05,,38.0
251,kywildcats11,APE STRONG TOGETHER ğŸ¦ğŸ¦ğŸ¦ AMC ğŸŒGME,2021-01-29 23:42:22,AMC_GME,42.0
252,KimBooJoong,"VLAD CAN GO FUCK HIMSELF, LOOKED LIKE A BITCH ON CNN

FUCK ROBINHOOD",2021-01-29 23:43:53,,34.0
253,ScaryTerryBeach,"They would have probably gotten off easier if they bid $500 a share, Iâ€™d bet a ton of people would have sold. Instead of trying to devalue it and getting bitchslapped by ğŸ’ âœ‹. 

Now they are super fucked when that squeeze starts.

I am not a financial advisor. 

I am retarded though.",2021-01-29 23:44:12,,37.0
254,GayPornEnthusiast,I'm telling my grandkids I bought gamestop at 17,2021-01-29 23:44:48,,39.0
255,valletta2019,DEEPFUCKINGVALUE ON CNBC SOON WEâ€™VE REACHED JUMANJI LEVEL 420.69,2021-01-29 23:55:09,,42.0
256,Cryptonite323,"What is this news going around about amc?
Edit: guys I know about the short Iâ€™m talking about rumors that amc is going to do a stock offering?",2021-01-29 23:58:25,,36.0
257,Antheo94,Why the fuck is Robinhood now limiting 20+ stocks. What the fuck. Howâ€™re they able to do any of this?,2021-01-29 23:59:17,,39.0
258,Peacock-Mantis,ğŸ’ Diamond Is UNBREAKABLE ğŸ’,2021-01-30 00:00:27,,39.0
259,jwood14521,My wife's boyfriend's girlfriend's husband didn't sell today.  He's a pretty cool guy if you ask me,2021-01-30 00:27:17,,37.0
260,HistoricalCar4627,"After heavy debate with myself, I have decided to increase my selling price of GME to 2100 per share.",2021-01-30 01:09:24,GME,42.0
261,Coffeepillow,"Man, switching brokers means I have to learn how to read an option chain like a fucking adult.",2021-01-30 01:21:08,,38.0
262,thejoker4059,What a week. That's all. Tried to help the inexperienced people all week ğŸ¤—,2021-01-30 01:35:44,,36.0
263,BoomerImpairedShtSux,Tim ğŸ this week was like we brought in 100 fucking billion dollars in a quarter and you fucks are talking about GME?  We made more this week than GME will in its entire existence.,2021-01-30 01:52:31,GME,35.0
264,Hi-Interest,"Proud WSB member for nearly a year

Respects Dailythreads and everyone here 

Lurks for 6 months

Uses Google

Starts commenting here and there

WSB changes my life

Watches GME eagerly as WSB explodes

Reads about RH fucking you guys over

Unable to comment on WSB daily thread, because not enough 'karma'

I don't get it, kicks a puppy  (A communist puppy)",2021-01-30 03:16:13,GME_RH,39.0
265,ThePeoplesBard,"The year is 2037. GME is $320 share. Both sides have held their positions for a decade plus, at a complete stalemate. The trench warfare has led to distinct cultures and ways of life.

Shorting hedge fund managers and their progeny now have a cult like worship of black holes. They believe the slow dissolve of their multi-generational wealth to interest rates is their holy birthright. Eventually they, like blessed light, will be absorbed entirely by the One True Lender Bank, and they will come out the other side clean and pure. They must not hasten the process, though, just as light cannot hasten its black hole rebirth. It was born with a direction and held it firmly, for eons.

GME shareholders now live in a caste system. Citizens wear physical symbols of their number of shares, like pieces of flair. Children inherit their parentsâ€™ flair, and weddings are arranged so as to strategically join the shares and average price of two families. The vehicle of choice is a Tesla Short Bus, and everyone prays to Deep Fucking Value each night. He answers their prayers by holding, and they honor him by doing the same.",2021-01-30 05:57:02,GME,36.0
266,shadieguy,I joined wsb during the corn gang movement...that felt like a lifetime ago.,2021-01-30 12:49:57,,35.0
267,Cuddlyaxe,"Ok honestly I'm gonna go ahead and sell most of my non meme positions because this GME shit seems to have unironically scared the boomers lol

I'll wait for an overall green week before getting back in to most of those. Until then I'll buy a couple of GME and AMC stocks and sell a few puts",2021-01-30 13:26:43,AMC_GME,38.0
268,Fangslash,"Holy shit mods can we unpin this

It went straight from a country club talking about stonks to gambling addict rehab center",2021-01-30 13:34:00,,40.0
269,Ozymandias-97,"LIKE THIS IS YOUâ€™RE HOLDING OVER THE WEEKEND!

ğŸš€ğŸš€ğŸš€ğŸ’ğŸ™ŒğŸ»",2021-01-29 23:21:17,,244.0
270,InfinityMG,We did it you son of a bitches! 1k on monday,2021-01-29 23:00:46,,70.0
271,CopenhagenOriginal,Holy fuck all yâ€™all new kids sound like my gf who is down $20 bucks total. I lost 6 grand at market open yesterday. Weâ€™re fine,2021-01-29 23:26:32,,83.0
272,Stonkslegend,GME TO $500 Monday,2021-01-29 23:34:37,GME,73.0
273,Chiguy1216,HOLDING GME NOK BB AND AMC,2021-01-29 23:37:56,AMC_NOK_GME_BB,87.0
274,Jy_sunny,Fuck Jimmy Kimmel. He said we might even be Russian disrupters,2021-01-29 23:42:35,,77.0
275,moneyandbanking1,"March 1, 2021:

After its recent boom GME is the first $2T dollar company. 

April 1, 2021: GME after more than doubling to $4T has decided to takeover e-commerce giant Amazon. 

May 1, 2021: Newly appointed CEO â€œdeepfuckingvalueâ€ has vowed to rebrand the company as WSB as well as changing the ticker. 

And rinse repeat until the two biggest companies are GME and a crowdfunded yacht company.",2021-01-29 23:20:14,GME,98.0
276,pnimmy,Is anyone else holding NOK or am I just an actual retard,2021-01-29 23:23:20,NOK,110.0
277,Vyruz2,"Yea, sorry about all the other stocks guys


Weâ€™re kinda in the middle of a proletariat revolution ğŸ‘ğŸ’",2021-01-30 00:09:29,,90.0
278,Tloy,WE DID IT BOYS,2021-01-29 23:00:43,,66.0
279,Houseofcards32,"AMC AND GME HELD.

THEYRE FUCKED NOW

MELVIN I AINT LEAVIN TILL YOUR TOWER FALLS ğŸ’ğŸ’ğŸ’ğŸ’ğŸ¤²ğŸ¼ğŸ¤²ğŸ¼ğŸ¤²ğŸ¼",2021-01-29 23:01:45,AMC_GME,72.0
280,FudgeYou1,"Everyone calm down and get off your screens for a bit, tradings done soo enjoy your weekends.",2021-01-29 23:19:51,,70.0
281,leahish,"Guys... just be prepared for the narrative - when the stock market crashes they will blame us.  Sort of how they blame us for killing the diamond industry (and basically everything they deem wrong in the world) because weâ€™re poor.

Donâ€™t let them spin it.  Theyâ€™d rather see the economy crash (theyâ€™ll be protected, naturally) rather than let the little man win without â€œconsequencesâ€.",2021-01-29 23:28:06,,70.0
282,BoBo_HUST,Buy AMC no more bankruptcy risk ğŸš€ğŸš€ğŸš€ğŸš€ğŸš€ğŸš€ğŸš€,2021-01-29 23:30:39,AMC,82.0
283,Some-Load1351,Holding amc,2021-01-30 00:40:56,,79.0
284,thasparzan,Don't let RH off the hook for fucking us over,2021-01-29 23:26:13,RH,33.0
285,ThePeoplesBard,Iâ€™d like to formally apologize for suggesting the market would be boring during a Biden administration.,2021-01-30 02:17:23,,36.0
286,wLepic,WTF IS GOING ON RETARDS WE HELD IT FFS WE ARE SO RETARDEDLY STRONG ğŸ’ğŸ’,2021-01-29 23:01:42,,33.0
287,nailattack,Proud of you guys. We held through a 60% crash and closed over $320. Almost $8k call contracts expiring at $320,2021-01-29 23:03:42,,32.0
288,Mayrasaur,"I only invested in 1 STONK at 305. Maybe not worth much, but I want to get in on the big F U to the hedge funds. 

They need to gimme tendies! ğŸš€ğŸš€ğŸš€ğŸš€",2021-01-29 23:04:21,,32.0
289,Paellardyce,"Can everyone spend the weekend getting verified for some decent non fucking corrupt brokers please so you can stop whining like retards and buy more fucking stock on Monday.

ğŸš€ğŸš€ğŸš€ğŸš€ğŸ’ğŸ¤ğŸ¦",2021-01-29 23:04:33,,30.0
290,AnxietyRx,IT CLOSED AT 69% IT IS A SIGN,2021-01-29 23:04:42,,30.0
291,arbiter1170,"SAY IT WITH ME.
WE LIKE THE STOCK.",2021-01-29 23:05:24,,32.0
292,ummmmmphrasing,I need a DEEPFUCKINGVALUE yolo update. If heâ€™s in WERE ALL IN.,2021-01-29 23:05:52,,33.0
293,HamishMcdougal,"Someone smart tell us what they'll try to pull over the weekend. 

They have two days to collude and scheme against us. What they'll do and what we can do to defend our positions?",2021-01-29 23:06:09,,35.0
294,Cxrlosmlon,DONâ€™T SELL ON MONDAY KEEP HOLDING SO WE WILL GO TO THE MOON OFFICIALLY,2021-01-29 23:07:35,,31.0
295,Chichiryuutei,Remember to HOLD ğŸ’ğŸ‘ğŸ’ğŸ‘ğŸš€ğŸš€ğŸš€ğŸŒ› things are going to get crazy next week. AMC + GME HOLDING ğŸ’ª,2021-01-29 23:07:38,AMC_GME,36.0
296,Sethfire,"I am so fucking proud of this community of autists. Against all odds, GME remained above $320 even as wall street desperately tried to bring the price down.

See you on the moon",2021-01-29 23:07:57,GME,37.0
297,boolwizard,Amc what is u doin bb,2021-01-29 23:07:59,,29.0
298,millysoilly,AMC after hours is hilarious.,2021-01-29 23:09:13,AMC,36.0
299,jelsholz,This after hours market manipulation by the hedge funds should be criminal.,2021-01-29 23:09:29,,35.0
300,AsIWit,"WSB are buy and hold investors

r/brandnewsentence",2021-01-29 23:09:41,,32.0
301,BlackManInABush,"Are our hands made of compressed carbons? Yes. 

Are we all literal retards? Again, yes. 

Is this financial advice? No, but I like the stock.",2021-01-29 23:10:24,,30.0
302,DirtySmiter,BB basically at start of the week levels. Strong buy,2021-01-29 23:10:31,BB,35.0
303,MudaTV,"Im a retard, but also a reasonable long term investor in a boomer dividend portfolio, which i add to at the end of every month...

But this time i fed my bread and butter into GME. 

So am i a reasonable retard now?",2021-01-29 23:11:15,GME,35.0
304,dirtymothafracka,What does AMC's hard after market dip mean,2021-01-29 23:11:22,,32.0
305,ppdrinker44,Can somebody tell me if after hours trading is a risk to AMC in any way?,2021-01-29 23:12:19,AMC,34.0
306,skizlits126,"Forget diamond hands, we got netherite hands. Nay. Adamantium hands.",2021-01-29 23:15:42,,31.0
307,ChampagnePepe,Anyone else think the extra attention from the weekend will boost us even higher?,2021-01-29 23:15:42,,32.0
308,Jungian108,"Yo Monday at open Iâ€™m dropping 10k on BB

When brokers get fcked by the SEC and the masses can buy again, BB will flyy",2021-01-29 23:16:22,BB,34.0
309,clever_tomorrow,Amc recovering nicely.,2021-01-29 23:20:05,,37.0
310,West_Bestern,I literally shat my pants at market close. Couldâ€™ve been the chipotle from last night tho. Puts on chip.,2021-01-29 23:22:18,,34.0
311,BigBuck172,"no tendies for me this weekend, MY BB IS HURTING",2021-01-29 23:24:29,BB,31.0
312,ketzal7,"Lol Robinhood literally trying to tank themselves. 

Limiting random shares to look less sus",2021-01-29 23:24:36,,31.0
313,Standardyouth,"We fucking did it guys, now we wait for them tiddies",2021-01-29 23:24:59,,30.0
314,moonbriar,Hey guys what if u/deepfuckingvalue has actually been the tendieman this whole time,2021-01-29 23:25:19,,34.0
315,Kvltshxt,"Now itâ€™s time to enjoy my weekend. Congrats to everyone that held. Diamond hands and steel balls, the lot of you. Glad to be apart of it.",2021-01-29 23:26:30,,38.0
316,Loudinside2,"Down little shy of 1k on BB

Options hurt but shares I can hold",2021-01-29 23:26:44,,34.0
317,math3345,Anyone have an estimate for how many shares are held by WSB?,2021-01-29 23:28:17,,32.0
318,bugboi,"What a battle boys...You did it... Proud of you retards.... CNBC thinks this is oppositeland calling us ""Dumb Money"" when those douchebags at the Hedge funds, the so-called ""Smart-Money"" didn't relent on their shorts and lost another 20 billion. And because they are extra grade A slimeballs they sold off the assets in your parent's 401ks to try and combat the horde and break us with boomer money. That should make you extra mad...They would rather fuck your dad than take the ""L""

GME 1k",2021-01-29 23:29:56,,34.0
319,anthonychn," 

Iâ€™m just here to be a part of deep fucking history.

HOLD! ğŸ’ ğŸ™Œ ğŸš€ ğŸš€ ğŸš€ 

 WE LIKE THE STOCK

WE LIKE THE STOCK

WE LIKE THE STOCK",2021-01-29 23:30:47,,40.0
320,ShiftBunny,"Why is gme $320 important?

It had the highest volume of calls and it expired in the money. Money makers must buy even more shares now to hedge. Gamma squeeze is like tinder for a even hotter short squeeze. It's a hold and wait game(stop) for us apes now. You didn't sell today, next week we start to see the results.",2021-01-29 23:31:00,,34.0
321,Cotton928,I cannot believe there is over 6 million autists in this group now.,2021-01-29 23:32:12,,33.0
322,grouchoglasses,Robinhood upped their trading restrictions to over 50 companies. It looks like a list that matches every ticker that trends on WSB.,2021-01-29 23:32:15,,30.0
323,thelegend64,I have never been prouder of a community in my life. I believe we have done the right thing and have/will genuinely change peoples lives from this. Thank you all so much.,2021-01-29 23:32:35,,38.0
324,Bombaskos,I have access to extended hours 7:30am-9:30 and 4pm-8. Is it helpful to buy during these periods if it dips?,2021-01-29 23:33:36,,30.0
325,EatAnimals_Yum,What we learned this week PART 1:  Robinhood is garbage and their leaders should go directly to jail.,2021-01-29 23:33:59,,34.0
326,rsmtirish,Anyone else eating filet mignon on their yachts tonight or is it just me?,2021-01-29 23:39:16,,32.0
327,kw2024,Wire transfer to Fidelity went thru ğŸ™ŒğŸ™ŒğŸ™Œ,2021-01-29 23:41:57,,32.0
328,KimBooJoong,FUCK ROBINHOOD. MOVE BROKERS,2021-01-29 23:42:55,,30.0
329,Tsukune_Surprise,"S3 Partners says their data shows GME is still shorted 113%

https://twitter.com/S3Partners/status/1355248815264182283?s=20",2021-01-29 23:43:54,GME,32.0
330,Safetymanual,I see the market is all in the red. Have we broken the stock market?,2021-01-29 23:44:24,,31.0
331,winkahpack,"Robinhood: We will graciously allow you to buy 1 share of GME, you peasants!!! Remember just 1 full share though, no fractionals and not greater than 1!!

Seem to be determined to completely trash themselves up",2021-01-29 23:44:45,GME,30.0
332,KimBooJoong,"â€œDEMOCRATIZING FINANCE FOR ALLâ€

SHUT THE FUCK UP.

FUCK ROBINHOOD.",2021-01-29 23:45:11,,33.0
333,gombarr,"Just think at how many people couldnâ€™t trade GME today. Once everyoneâ€™s funds settle in new brokerages, itâ€™s ğŸš€ ğŸš€",2021-01-29 23:45:50,GME,39.0
334,Sanders4eva,Where can I go to see how much the hedge funds lost?,2021-01-29 23:46:34,,34.0
335,Kraketan,So now the big boys have to cover something like 90k options that expired itm today ğŸ˜‚,2021-01-29 23:47:32,,28.0
336,justawaterisfine,I want to see 450 by 10am Monday BUY HOLD REPEAT,2021-01-29 23:53:50,,32.0
337,red-chickpea,What happens if a hedge fund literally doesn't have the money to cover it's short positions?,2021-01-29 23:57:56,,34.0
338,TuntWaffle,Apparently we hate Average Joes?  News to me.,2021-01-30 00:05:59,,32.0
339,MyOldAolName,I panick sold some random shit in my 401k today to buy some GME when it dipped to 300. I'm maxed out with RH but Fidelity let me get more!,2021-01-30 00:18:47,GME_RH,30.0
340,RADIO02118,"Read on Twitter: â€œWould have loved to make $10000000 but seemed rude to fuck over hedge funds since they make our shirts, food and stuffâ€ lol",2021-01-30 00:25:40,,36.0
341,Jy_sunny,"Donâ€™t sell. RH is not allowing you to buy more than one. If you liquidate, you canâ€™t buy back later. Just hold, or add more. 

EDIT: this obviously applies to all brokerages",2021-01-30 00:27:19,RH,31.0
342,kismethavok,"What are the odds the hedgies are dumb enough to keep trying to short the top all next week? The potential risk here is getting kind of fucking ridiculous... These hedge funds, and the MM who back their trades would be taking on a MASSIVE potential loss that could easily crash the whole market. Are they really going to be that \[redacted\]?",2021-01-30 00:30:12,,31.0
343,Jpatrickj,Iâ€™m just literally never selling,2021-01-30 00:41:49,,39.0
344,Helpmerecover123,"Honestly after all this flows over I canâ€™t wait to get some juicy cheap longs and just let em sit the rest of the year or two

Also can anyone explain what exactly is going to happen on Monday Iâ€™m retarded but still holding my shares",2021-01-30 01:05:53,,32.0
345,sdotngo,"Closing above $320 means an additional $122.7MM of demand, closing above $310 means an additional $199.2MM of demand.

&#x200B;

Life is good",2021-01-30 01:13:05,,31.0
346,ClickittyClark,"3k to 21k to 12k, STILL HOLDING",2021-01-30 01:16:20,,31.0
347,PikeEater47,"NIO, PLTR, TSLA, SPY 0 days til expiry

GME, BB, AMC, welcome to the club.",2021-01-30 01:28:41,PLTR_AMC_NIO_BB,32.0
348,Mitesite,RIP Robinhood IPO,2021-01-30 02:17:14,,34.0
349,wallthrowawaystreet,Seriously everyone in here rn is a real one. Had to search for this specific thread lol,2021-01-30 02:57:23,,32.0
350,Patches_Mcgee,I took my 2 sons to GameStop today and let them get $285 worth of shit with my call tendies,2021-01-30 03:28:50,,31.0
351,OptionsAndTren,#I NEVER KNEW HOW MUCH I APPRECIATED ALL YOU RETARDS I LOVE YOUS NIBBAS,2021-01-30 06:20:09,,32.0
352,WSBgirl,How is this thread so sacred? All the OGs. Is it just because itâ€™s unpinned?,2021-01-30 07:43:31,,33.0
353,Sayter,got an idea,2021-01-30 08:12:07,,33.0
354,Bandeeznutz,"Honestly, we shouldâ€™ve boycotted Robinhood when they privatized and started selling data from RH users.",2021-01-30 12:42:43,RH,33.0
355,fawkesmulder,"Was getting nostalgic today

With the influx of fresh blood weâ€™re going to see some really stupid shit again.

I look forward to it.

https://www.reddit.com/r/wallstreetbets/comments/eyg9h3/why_doesnt_everyone_buy_options_when_theyre_at_001/

0.01 FDs",2021-01-30 12:42:56,,34.0
356,TruthSeeker98,Give flairs to people whoâ€™ve been here for at least 6 months or something and can we have a flair only posts?,2021-01-30 13:35:47,,31.0
357,NoSun8329,I was never looking forward to Monday as much as this weekend lol,2021-01-30 14:04:37,,31.0
358,tiedyebitch,can everyone please manifest?? GME WILL HIT 5000. GME WILL HIT 5000. GME WILL HIT 5000!!!! ğŸš€ğŸš€ğŸš€ğŸ’ğŸ’ğŸ’ğŸ’ğŸ’ğŸš€ğŸš€âœ¨âœ¨ğŸ’¸ğŸ’¸ğŸ’¸ğŸ’¸,2021-01-29 23:01:12,GME,96.0
359,romestylez,"Bought 1000 AMC yesterday down 2500$ because im a retard doing my fisrt buy and bought at 15$ per share but fuck it if AMC goes up ill sit and relax at pluto.  


If it crashes and i loose all my money i can tell my kids i was part of this fucking awesome movement  ğŸš€ğŸš€ğŸš€ğŸš€",2021-01-29 23:34:13,AMC,96.0
360,zac_usaf,Not going to lie... I feel like we are about to get hit with the ultimate Uno reverse card ğŸ˜‚ but idgaf Iâ€™m still fucking holding ğŸ’ğŸ¤²ğŸ’ğŸ¤²,2021-01-29 23:03:50,,59.0
361,AmericaninMexico,# IM SO FUCKING PROUD OF THIS GROUP,2021-01-29 23:06:44,,62.0
362,Major_Fang,"Bought $750 worth of AMC at close ğŸ’ğŸ†. See you retards on the moon Moonday ğŸŒ™ ğŸš€ğŸš€ğŸš€

Edit: You couldâ€™ve bought AMC with that award you gave me you autist",2021-01-29 23:11:54,AMC,66.0
363,play_with_my_wankel,Retarded newbie here have no idea what the fuck I'm doing but I bought $200 in AMC yesterday and $100 more before market close for science and reasons.,2021-01-29 23:13:13,AMC,68.0
364,justOneMoreShiggyBop,"Fidelity is showing me a transaction of 277,833 shares at $325 was the last transaction of the day ... Am I reading that right? A $90M buy to end the day?",2021-01-29 23:20:51,,67.0
365,ArtOfDivine,"**These fuckers try to get the price under $200 today. They couldnâ€™t because us retards did not sell.**

Hold the Line.",2021-01-29 23:23:08,,65.0
366,larossmann,"I bought 20 more $GME. I am  ğŸ’ğŸ¤š $BB over the weekend. I watched them lower the number of shares you are allowed to buy in realtime. This is war. 

I hope $BB gang is not forgotten.",2021-01-29 23:25:50,GME_BB,65.0
367,ubebread,AMC movie party,2021-01-29 23:27:03,AMC,74.0
368,siskiyoufire,AMCğŸš€ğŸš€ğŸš€ğŸš€ğŸš€ğŸš€,2021-01-29 23:30:46,AMC,74.0
369,Spitzly,"YOU MOTHERFUCKERS WILL HAVE TO PRY THESE ğŸ…±ï¸ğŸ…±ï¸ SHARES OUT OF MY COLD, DEAD HANDS",2021-01-29 23:35:36,COLD,65.0
370,EatMeatPeeps,"THERE SOME HOLDS IN THIS HOUSE, THERE SOME HOLDS IN THIS HOUSE, THERE SOME HOLDS IN THIS HOUSE, THERES SOME HOLDS IN THIS HOUSE.

I SAID GME STOCKS. SEVEN DAYS A WEEK. HOLD AND BUY. MAKE THOSE SHORT SELLERS WEAK!",2021-01-29 23:38:37,GME,62.0
371,majorBotHead,"I like BB, GME, NOK & AMC 

I LIKE STOCKS ğŸš€ğŸš€ğŸš€ğŸš€

HOLDING EVERYTHING TO STICK IT TO EM",2021-01-29 23:41:11,AMC_NOK_GME_BB,74.0
372,epacella13,"My fellow warriors. I am proud to announce that I have successfully liquidated and withdrawn everything from Robinhood (except GME and AMC TO THE MOON), and loaded it all into Fidelity. 

I hope my sacrifice pleases the Gods.",2021-01-29 23:46:42,AMC_GME,68.0
373,CEOofCommunism,Pleasantly surprised we didnâ€™t have a bunch of people selling gme today,2021-01-30 00:09:27,,62.0
374,Antheo94,"Robinhood is rapidly losing money and may even go broke. They took out a billion dollar loan yesterday and now having to limit 50 more companies. They must not have enough cash on hand right now, and not being able to pay",2021-01-30 00:13:59,,64.0
375,TheRealHBR,Guys it needs to be above $320 at 5:30 for over 20000 contracts to be exercised.,2021-01-29 23:42:06,,88.0
376,ogre77414,Trader is an anagram of Retard,2021-01-30 13:42:37,,87.0
377,harambethepope,Great freaking job on AMC yâ€™all!!! ğŸ’ğŸ™Œ,2021-01-29 23:01:42,AMC,92.0
378,ThePeoplesBard,"Congratulations to my comrades who purchased AMC today. After the Class War ends, you'll receive one theater per share you purchased. You will have to ride a bike to power the projector because we definitely will not have an electrical grid anymore, but that will make you stronger for Class War 2.",2021-01-29 23:32:40,AMC,85.0
379,redditor1246,"Since $AMC closed above $9 today all the calls expire in the money and market makers will be forced to buy shares back at a premium, therefore on monday the price would rocket officially starting the AMC short squeeze",2021-01-29 23:39:04,AMC,99.0
380,El_Bistro,HOLDIN BB and AMC,2021-01-29 23:10:57,AMC_BB,60.0
381,plexico18,"DONT SELL AMC ON MONDAY
ğŸ’ğŸ™Œ",2021-01-29 23:16:32,AMC,64.0
382,Harald12,HOLDING MY 2 GME AND 5 AMC LIKE MY LIFE DEPENDS ON IT CAUSE IT DOES,2021-01-29 23:19:29,AMC_GME,67.0
383,DefNotaZombie,"I spent like half a year lurking and watching youtube vids on greeks and strategies, and I feel like I learned more about the way the market works this last week than in that entire time",2021-01-29 23:42:40,,55.0
384,Houseofcards32,"What can we realistically expect AMC to b at on Monday?

Iâ€™ve been holding and I donâ€™t PLAN ON SELLING ğŸ’ğŸ’ğŸ’ğŸ¤²ğŸ¼ğŸ¤²ğŸ¼",2021-01-29 23:46:28,AMC_PLAN,60.0
385,Loudinside2,"GME, BB, AMC

ğŸ’âœ¨âœ¨ğŸ™Œ",2021-01-30 00:01:11,AMC_GME_BB,66.0
386,CarrollFilms,I'm not selling AMC until $100,2021-01-30 00:13:47,AMC,61.0
387,Jpatrickj,Holding GME is more of a personality trait than an investment imo,2021-01-30 00:46:30,GME,62.0
388,a_composer,Glad to see WSB slowly returning to normal shitposting in this thread instead of the army of idiots asking why Nokia isnâ€™t $100 by now,2021-01-30 02:04:25,,58.0
389,Imaginary-Engineer-2,"January 2029: WSB

""What are the all time highlight reels of r/wallstreetbets""

Top comment:

When Deep fucking value turned 50k into 500,000,000 while simultaneously bringing 5 millions new subs to wsb, who in turn were gone a week later and not a SINGLE loss porn was ever posted",2021-01-30 13:36:28,,53.0
390,SavorySkills_,"We gotta keep the movement alive boys. Tomorrow we need to start building hype again. Some good DDâ€™s have been posted during this quieter time, but hype has died a little. We need to build spirits and get some buys ready for Monday ğŸš€ğŸš€ğŸ’",2021-01-30 13:43:09,,63.0
391,ManonMasser,BB is still undervalued at this price and a good investment on the long run.,2021-01-29 23:05:17,BB,27.0
392,i_dont_feel_anymore,"Fellow autists, diamond hands, mega chads. We havenâ€™t won yet. We have stormed the beaches of Normandy. We took heavy losses, Wall Street put up a tough fight but we won. Now we push back and push HARD. HOLD HOLD HOLD BUY BUY BUY! We will win and we will continue to win! Love you all x",2021-01-29 23:09:16,,28.0
393,SiLv3rShArK92,BB WHY YOU HURT ME SO!!,2021-01-29 23:11:47,BB,27.0
394,sundevil704,guys they tried everything they could think of and we still held the line. expect more of the same next week. i love you all no matter what stock you bought.,2021-01-29 23:12:45,,28.0
395,surftechman,can we get an awesome sticky post about leaving robinhood and what alternatives there are for all of the new crazies we got on here now?,2021-01-29 23:17:07,,27.0
396,devereaux,I'm curious whether Fidelity will pull a power move and cover the transfer fees for everyone trying to leave Robinhood and then lean on regulators to ensure Robinhood pays out to reimburse Fidelity for that fee as part of the hammer than will be dropped on them.,2021-01-29 23:49:36,,30.0
397,Objective-Guava-3880,"Dbag coworker of mine walked by me a asked loudly so others could here, â€œyou sell your GameStop yet? Itâ€™s been pretty up and down lately.â€

My response, â€œdonâ€™t disrespect me with dumb questions.â€

â€œOh, youâ€™re in it for the long?â€

â€œNo, Iâ€™m going to the moon.â€

Pretty sure the secretary wants me to be her boyfriend now.",2021-01-29 23:43:26,,107.0
398,arbiter1170,"USE ME AS A â€œFUCK ROBINHOODâ€ BUTTON. 


WE LOVE THE STOCK. ğŸ’ğŸ™Œ",2021-01-29 23:12:54,,136.0
399,CloutWaffle,RETARDS REJOICE!!! THE WAR CONTINUES NEXT WEEK!,2021-01-29 23:00:48,,24.0
400,Piglet-Historical,THANK YOU TO THOSE WHO HELD!,2021-01-29 23:01:12,,30.0
401,zhBlaOrange,"You guys held through this crazy day, makes me so proud. GME TO 10K",2021-01-29 23:01:35,GME,28.0
402,Fuck_My_Tit,"Closed above $320! Those call options got nuked from orbit, now our  

# ğŸ’ğŸ‘ will shine!",2021-01-29 23:01:53,,25.0
403,elijah112358,YOU BEAUTIFUL RETARDS DID IT!!! :DDD CLOSED ABOVE $320!!!! MASSIVE SQUEEZE INCOMING!!!,2021-01-29 23:02:22,,28.0
404,mikemountain,"I drew a line on the yahoo chart right at 320. Spent the last 23 minutes watching it update realtime. 

THE LINE

WAS HELD",2021-01-29 23:02:46,,29.0
405,FierceDragon35,"AMC is at 13. Overseas bros, keep it 10+.ğŸš€ğŸš€ğŸš€ğŸš€ğŸš€ğŸš€",2021-01-29 23:02:56,AMC,27.0
406,Troof1997,Holy fuck the $320 mark has been hit. Ape very skrong together. I retard no advice,2021-01-29 23:03:01,,28.0
407,POPCORN_EATER,"I feel like I've absorbed so much fucking information this week, I am tired and excited for Monday :) ğŸš€",2021-01-29 23:03:28,,25.0
408,Critical_Timing,"And it immediately drops after close lol

ğŸ¦§TOO LATE MR HEDGE WE ALREADY WON ğŸ¦§",2021-01-29 23:03:44,MR,31.0
409,alcycul,GUYS WE FUCKING CLOSED 69% UP,2021-01-29 23:04:04,,24.0
410,thenicky0,"Today I...
Went to work, played some FIFA, bought the dip, and held the line ğŸ¤šğŸ’ğŸ˜ğŸ’ğŸ¤š",2021-01-29 23:04:24,,28.0
411,TexasThrowDown,It closed over $320 today. That is a HUGE blow to short sellers if the numbers are right.  But I'm an autist and cant read so who knows?  This is not professional advertising.,2021-01-29 23:04:24,,23.0
412,Coslin,I have 1 share. I bought it way too high at 370 this morning. But it's 1 share. And I'm alright with that.,2021-01-29 23:05:16,,26.0
413,pffrt,"Holding BB with these ğŸ’âœ‹
Bought the dip. I really like this stock, but in like, a real wayğŸ˜³",2021-01-29 23:05:42,BB,27.0
414,j_lane,weekend homework for anyone still on Robinhood with that cretin scumcunt Vlad. Move to another trading App so we don't get hamstrung by these creeps next week.,2021-01-29 23:05:49,,24.0
415,striped_pajams,"Where were you when Wall Street die?

I was home watching GME close above 320

""Wall Street is kil""

Yes",2021-01-29 23:05:55,GME,25.0
416,solanki4u,Holding strong whatever I own of AMC..not taking out until these hedgefucks pay up,2021-01-29 23:05:59,,28.0
417,arbiter1170,"BE PATIENT BOYS THE SQUEEZE IS COMING. DIAMOND HANDS OUT, DIAMOND COCK OUT!",2021-01-29 23:07:00,,24.0
418,JPOWplzno,"IM PROUD OF YOU ALL. ENJOY THE TENDIES AND HAVE SOME FUN/TAKE SOME TIME AWAY FOR YOU OVER THE WEEKEND. WE EXPECT YOU TO REPORT BY BY 0900 EST READY FOR MARKET OPEN ON MONDAY. THIS WEEKEND, WE CELEBRATE. NEXT WEEK, WE FIGHT.",2021-01-29 23:07:31,,29.0
419,Fulled-By-Cafeine,"+69% 

Its a sign from the god of stonks! 

HOLD.THE.LINE",2021-01-29 23:07:35,,30.0
420,itsbearns,Bought shares at $360 yesterday we at a 25% loss but.. we move.. we hold... to the MOON ğŸš€,2021-01-29 23:08:11,,28.0
421,AustieFrostie,We held the line like the fucking battle of the bulge. FUCK THEM WALLSTREET NAZIS SEE YALL ON MONDAY TO FUCK EM UP AGAIN ğŸ’ğŸ’ğŸ’ğŸ’ğŸ’ğŸ’ğŸ’ğŸ’ğŸ’ğŸ’ğŸš€ğŸš€ğŸš€ğŸš€ğŸš€ğŸš€ğŸš€ğŸš€ğŸš€ğŸ’ğŸš€ğŸ’ğŸ’ğŸ’ğŸš€ğŸ’ğŸ’ğŸš€ğŸ’ğŸ’ğŸš€ğŸš€ğŸš€ğŸš€ğŸš€,2021-01-29 23:08:14,SEE,26.0
422,dv_oc871,We shall stand together!! NOK BB GME AND AMC!!!ğŸš€ğŸš€ğŸš€,2021-01-29 23:09:05,AMC_NOK_GME_BB,32.0
423,flabbyresolute,"ALONE WE ARE WEAK

TOGETHER WE ARE STRONG

APES WHO STAND TOGETHER ARE STRONG TOGETHER",2021-01-29 23:09:44,,26.0
424,ankrudov,"Yâ€™all need to stop asking dumb ass questions like. â€œWhy isnâ€™t it at 1kâ€, â€œwhat do we do nowâ€
Hold and thatâ€™s it",2021-01-29 23:10:16,,27.0
425,argusromblei,"We closed above 320, see you all at Tendies next week",2021-01-29 23:10:17,,31.0
426,Pirules,APE TOUGETHER STONK ğŸ™ŒğŸ”¹,2021-01-29 23:10:18,,29.0
